Label,attribute,degree,modularity_class,Eccentricity,closnesscentrality,harmonicclosnesscentrality,betweenesscentrality,pageranks,eigencentrality
uncoordination,symptom,2,0,6,0.263889,0.279673,30.91792,0.000692,0.035145
fever,symptom,38,3,4,0.350509,0.41092,9871.893058,0.00768,0.807265
pleuritic pain,symptom,13,3,6,0.300436,0.333091,669.106219,0.002635,0.327562
snuffle,symptom,5,3,6,0.281122,0.30245,124.238187,0.001275,0.114408
throat sore,symptom,6,3,6,0.286085,0.308469,208.454569,0.001438,0.14413
malaise,symptom,3,3,6,0.276884,0.294041,20.000774,0.00081,0.090205
debilitation,symptom,4,3,6,0.276052,0.294132,99.196628,0.00104,0.080844
symptom aggravating factors,symptom,4,3,6,0.278846,0.300121,165.990938,0.001099,0.084066
chill,symptom,25,3,4,0.319977,0.36706,2687.613426,0.004869,0.568195
scleral icterus,symptom,2,2,6,0.267216,0.281458,24.233621,0.0007,0.039345
nasal flaring,symptom,1,3,6,0.248871,0.263642,0,0.00048,0.022578
dysuria,symptom,5,0,6,0.283728,0.305203,156.111688,0.001218,0.115309
lip smacking,symptom,3,0,6,0.262882,0.280853,68.160623,0.000886,0.052938
headache,symptom,12,0,6,0.304757,0.338536,1612.845357,0.002654,0.221699
sneeze,symptom,1,3,6,0.248871,0.263642,0,0.00048,0.022578
snore,symptom,3,1,6,0.276052,0.292861,63.502798,0.000896,0.058448
green sputum,symptom,4,3,6,0.274402,0.293466,54.050396,0.001043,0.092761
shortness of breath,symptom,49,5,4,0.36587,0.434211,14303.627691,0.009544,1
distress respiratory,symptom,14,3,6,0.298483,0.332244,1001.715504,0.002887,0.270537
blackout,symptom,13,4,6,0.300436,0.333394,1621.29337,0.002659,0.289216
extreme exhaustion,symptom,5,0,6,0.286085,0.306382,257.978906,0.001247,0.089219
influenza,disease,21,3,5,0.33113,0.369903,3710.078625,0.005138,0.317476
heme positive,symptom,3,1,6,0.273585,0.289201,26.851055,0.00086,0.064179
pain abdominal,symptom,29,2,6,0.329152,0.382607,4832.636349,0.00604,0.567415
vomiting,symptom,26,0,4,0.329152,0.378705,3250.179247,0.005213,0.54357
disequilibrium,symptom,1,1,6,0.245107,0.257623,0,0.000463,0.019943
nausea,symptom,24,5,6,0.319606,0.367483,2758.569168,0.004944,0.49427
intoxication,symptom,8,4,5,0.286681,0.309256,478.84124,0.001716,0.174573
haemorrhage,symptom,15,1,6,0.306793,0.343527,2148.622519,0.003378,0.2688
guaiac positive,symptom,9,1,6,0.293397,0.320811,370.855608,0.00192,0.211201
pain,symptom,44,1,4,0.364418,0.429068,12567.742165,0.008826,0.895517
decreased body weight,symptom,25,2,6,0.327197,0.376195,4801.907939,0.005102,0.510778
sore to touch,symptom,17,1,6,0.303414,0.341016,1373.174466,0.003611,0.318964
dizziness,symptom,8,5,6,0.291534,0.316909,360.755098,0.001781,0.154654
gastritis,disease,12,1,5,0.324499,0.355384,1300.692415,0.002699,0.291585
pain chest,symptom,21,5,6,0.315217,0.358953,2029.155914,0.004144,0.423865
sweat,symptom,12,5,6,0.287578,0.315578,286.660781,0.002408,0.241372
sweating increased,symptom,12,5,6,0.287578,0.315578,286.660781,0.002408,0.241372
nonsmoker,symptom,2,5,6,0.261137,0.275197,9.107057,0.000648,0.034559
pressure chest,symptom,7,5,6,0.270629,0.292166,64.28279,0.001517,0.133158
syncope,symptom,14,5,4,0.305094,0.339685,1337.502196,0.002901,0.285339
numbness,symptom,6,0,6,0.284902,0.306231,246.731915,0.001479,0.094472
chest discomfort,symptom,7,5,6,0.278002,0.299093,94.825857,0.001563,0.145791
st segment depression,symptom,2,5,6,0.252752,0.268512,2.484895,0.000631,0.046075
worry,symptom,12,4,6,0.296555,0.327193,1007.470675,0.002445,0.273547
t wave inverted,symptom,3,5,6,0.260397,0.277647,15.515846,0.000834,0.061958
bradycardia,symptom,11,5,6,0.287578,0.314096,573.910666,0.0023,0.217539
dyspnea,symptom,24,5,4,0.319977,0.366304,3377.9437,0.004791,0.471335
hypercholesterolemia,disease,15,5,5,0.329545,0.363551,1779.684365,0.003174,0.316858
seizure,symptom,10,0,4,0.297516,0.326225,1007.650017,0.002263,0.157153
hypometabolism,symptom,1,0,6,0.216929,0.231488,0,0.000476,0.012125
aura,symptom,4,0,6,0.265414,0.285904,131.277209,0.001114,0.054298
muscle twitch,symptom,7,0,6,0.279129,0.303297,570.791946,0.001767,0.099652
drowsiness,symptom,12,0,4,0.305432,0.338627,1160.724681,0.00257,0.220522
tremor,symptom,15,4,4,0.304757,0.339988,1930.515545,0.003088,0.312461
unresponsiveness,symptom,25,0,4,0.328759,0.377495,5033.083856,0.005037,0.485754
hemiplegia,symptom,10,0,4,0.298807,0.32804,917.787093,0.002246,0.183803
myoclonus,symptom,3,0,6,0.239774,0.258137,16.145652,0.000882,0.042485
gurgle,symptom,6,0,6,0.282564,0.302299,235.279166,0.001423,0.113784
sleepy,symptom,12,0,4,0.301752,0.333636,966.147277,0.002563,0.216104
lethargy,symptom,9,0,6,0.28818,0.313007,337.549658,0.00189,0.179632
wheelchair bound,symptom,3,0,6,0.266699,0.28291,142.62986,0.000959,0.036948
epilepsy,disease,13,0,5,0.276884,0.310859,1229.835746,0.00312,0.156501
hyperkalemia,symptom,9,1,6,0.291226,0.316909,360.93283,0.001958,0.186921
orthopnea,symptom,15,5,6,0.294968,0.327193,554.443781,0.002916,0.310611
rale,symptom,22,3,4,0.317396,0.361615,2321.074935,0.004149,0.502803
urgency of micturition,symptom,4,1,6,0.278002,0.295584,41.047803,0.000973,0.103176
ascites,symptom,12,2,6,0.299131,0.330823,985.367545,0.002531,0.226352
asthenia,symptom,24,5,4,0.331528,0.379915,4837.653909,0.004869,0.483701
apyrexial,symptom,22,3,6,0.318497,0.363793,2609.590656,0.004426,0.497882
mental status changes,symptom,9,0,4,0.295918,0.3232,261.426512,0.001859,0.214808
difficulty,symptom,12,4,6,0.301422,0.333999,1723.928755,0.002484,0.264468
diarrhea,symptom,30,1,4,0.336797,0.390351,5673.762221,0.005948,0.652835
hypotension,symptom,19,1,4,0.311299,0.351633,2109.667944,0.003865,0.376197
breath sounds decreased,symptom,7,3,6,0.289087,0.313037,330.657861,0.001549,0.161821
swelling,symptom,14,1,5,0.299131,0.33173,782.266288,0.00288,0.287545
hypokinesia,symptom,13,5,5,0.296555,0.327556,732.405363,0.002666,0.243425
insufficiency renal,disease,17,1,5,0.354113,0.383757,1504.743948,0.003256,0.425419
lightheadedness,symptom,5,0,5,0.284314,0.304416,242.165383,0.001291,0.089196
unwell,symptom,1,5,6,0.253683,0.265759,0,0.000464,0.023128
anorexia,symptom,8,1,6,0.290306,0.315094,331.334959,0.001801,0.149691
sensory discomfort,symptom,4,5,6,0.285197,0.304567,128.19779,0.001015,0.102205
history of - blackout,symptom,1,5,6,0.253683,0.265759,0,0.000464,0.023128
dehydration,disease,16,5,5,0.339704,0.371204,2191.560335,0.003608,0.336795
prostatism,symptom,9,0,4,0.295601,0.322747,868.236413,0.002065,0.148765
hyponatremia,symptom,10,0,4,0.300436,0.330309,680.747425,0.002155,0.196512
fall,symptom,9,5,4,0.295601,0.322747,406.426292,0.001919,0.171655
unsteady gait,symptom,7,0,4,0.290919,0.314428,248.462105,0.001572,0.146668
polyuria,symptom,4,0,6,0.280264,0.298609,190.726972,0.001097,0.079428
nightmare,symptom,7,4,6,0.289695,0.31343,249.610428,0.001523,0.172105
speech slurred,symptom,5,0,6,0.277442,0.298125,129.689552,0.001265,0.088169
weight gain,symptom,4,0,6,0.276606,0.293103,27.378396,0.000956,0.088991
fatigue,symptom,12,1,4,0.305771,0.33908,1547.125379,0.002659,0.232278
tired,symptom,3,0,6,0.277163,0.293557,83.45291,0.0009,0.059362
agitation,symptom,20,4,4,0.313424,0.355112,3197.006201,0.003959,0.424594
motor retardation,symptom,6,4,6,0.282854,0.304991,156.125774,0.001322,0.161408
mass of body structure,symptom,19,2,4,0.314139,0.355263,2168.30463,0.003929,0.385035
hypothyroidism,disease,23,0,5,0.353205,0.388869,3406.261152,0.004611,0.426299
fatigability,symptom,3,2,6,0.255329,0.273291,73.965563,0.00095,0.031991
prodrome,symptom,1,0,6,0.236278,0.250726,0,0.000468,0.016622
myalgia,symptom,7,3,6,0.282854,0.309468,374.826046,0.001679,0.122214
general discomfort,symptom,6,0,6,0.271429,0.295493,123.46554,0.001419,0.114253
dyspnea on exertion,symptom,11,5,6,0.289391,0.318996,724.903995,0.002373,0.188168
asterixis,symptom,4,0,6,0.278283,0.296884,167.849709,0.001072,0.063148
numbness of hand,symptom,4,0,6,0.271696,0.291682,89.662733,0.001085,0.061091
photophobia,symptom,4,1,6,0.265414,0.284997,55.47361,0.001045,0.074591
hernia hiatal,disease,15,0,5,0.309203,0.344737,1739.011836,0.003461,0.228832
para 2,symptom,1,2,6,0.2375,0.251754,0,0.00059,0.012831
abortion,symptom,1,2,6,0.2375,0.251754,0,0.00059,0.012831
intermenstrual heavy bleeding,symptom,1,2,6,0.2375,0.251754,0,0.00059,0.012831
muscle hypotonia,symptom,4,3,6,0.264142,0.279401,59.942377,0.001101,0.086006
hypotonic,symptom,4,3,6,0.264142,0.279401,59.942377,0.001101,0.086006
previous pregnancies 2,symptom,1,2,6,0.2375,0.251754,0,0.00059,0.012831
heartburn,symptom,4,2,6,0.2755,0.296915,213.603507,0.00114,0.09043
primigravida,symptom,1,2,6,0.2375,0.251754,0,0.00059,0.012831
abnormally hard consistency,symptom,2,2,6,0.258685,0.275136,82.273758,0.000832,0.031389
proteinemia,symptom,1,2,6,0.2375,0.251754,0,0.00059,0.012831
fibroid tumor,disease,13,2,5,0.311299,0.345947,3920.260533,0.004873,0.17279
paresthesia,symptom,5,2,6,0.272233,0.291682,112.37104,0.001252,0.073369
titubation,symptom,1,2,6,0.225082,0.240048,0,0.000501,0.011977
dysarthria,symptom,6,0,6,0.272772,0.298125,277.920926,0.00151,0.080534
painful swallowing,symptom,5,1,6,0.278002,0.299214,260.075048,0.001309,0.085407
hoarseness,symptom,4,2,6,0.26567,0.286298,68.682867,0.001045,0.082796
stridor,symptom,2,3,6,0.257959,0.274592,33.501137,0.000683,0.038094
spasm,symptom,4,0,6,0.252752,0.274471,96.196154,0.001111,0.056131
dysdiadochokinesia,symptom,1,2,6,0.225082,0.240048,0,0.000501,0.011977
ataxia,symptom,4,2,6,0.265414,0.286358,113.143775,0.001096,0.075723
achalasia,symptom,3,2,6,0.276884,0.293255,84.124467,0.000878,0.051795
stiffness,symptom,4,0,6,0.271429,0.290684,97.60608,0.001074,0.060319
lesion,symptom,20,2,4,0.314857,0.356927,2665.11619,0.004123,0.372912
side pain,symptom,2,2,6,0.251139,0.269117,83.731036,0.00069,0.02989
deglutition disorder,disease,15,2,5,0.290306,0.326255,2346.023502,0.004043,0.150769
hirsutism,symptom,3,0,6,0.259906,0.276407,69.349194,0.000894,0.04418
sniffle,symptom,1,0,6,0.235269,0.249758,0,0.000489,0.01382
distended abdomen,symptom,7,3,6,0.287278,0.310315,333.705738,0.00165,0.10629
vertigo,symptom,6,5,6,0.28141,0.304295,229.42829,0.001412,0.121594
bradykinesia,symptom,1,0,6,0.235269,0.249758,0,0.000489,0.01382
out of breath,symptom,3,0,6,0.260151,0.27928,94.825208,0.000917,0.039677
urge incontinence,symptom,5,2,6,0.277722,0.298669,161.455344,0.001244,0.099815
osteoporosis,disease,14,0,5,0.307478,0.342771,2108.956968,0.003569,0.185231
hallucinations auditory,symptom,15,4,4,0.299457,0.332728,1343.126754,0.003077,0.316264
suicidal,symptom,13,4,6,0.291226,0.321264,731.454018,0.002686,0.273837
hoard,symptom,1,4,6,0.236887,0.251543,0,0.000468,0.01882
irritable mood,symptom,13,4,6,0.290919,0.323049,879.097307,0.002645,0.29152
feeling hopeless,symptom,12,4,6,0.291534,0.321688,911.676823,0.002538,0.23959
feeling suicidal,symptom,15,4,6,0.298807,0.332638,1966.61178,0.003064,0.323824
neologism,symptom,3,4,6,0.245107,0.265759,23.753244,0.000853,0.052561
homelessness,symptom,9,4,6,0.272772,0.300907,228.065281,0.00193,0.183879
sleeplessness,symptom,11,4,6,0.288482,0.317907,587.063222,0.002294,0.241033
unconscious state,symptom,7,0,4,0.291843,0.315789,451.888144,0.001648,0.129195
panic,symptom,1,4,6,0.236887,0.251543,0,0.000468,0.01882
chronic alcoholic intoxication,disease,15,4,5,0.310248,0.34631,2455.183186,0.003464,0.264379
wheezing,symptom,11,3,6,0.294023,0.325045,671.773432,0.002357,0.219282
cough,symptom,25,3,4,0.32994,0.378857,4280.719966,0.00498,0.513798
chest tightness,symptom,9,5,6,0.287278,0.313581,243.361152,0.001874,0.198969
non-productive cough,symptom,11,3,6,0.295601,0.328252,678.767094,0.002345,0.235174
productive cough,symptom,11,3,6,0.291534,0.319903,380.766434,0.002275,0.263572
asthma,disease,9,3,5,0.303414,0.335239,267.405042,0.001902,0.213731
tachypnea,symptom,15,3,6,0.294652,0.327253,963.982943,0.003037,0.312168
breech presentation,symptom,5,3,6,0.273313,0.288838,67.303196,0.001186,0.095535
cyanosis,symptom,5,3,6,0.259906,0.277949,52.781067,0.001176,0.087105
spontaneous rupture of membranes,symptom,8,3,6,0.276606,0.297489,112.291607,0.001667,0.178004
sepsis (invertebrate),disease,14,3,5,0.327976,0.361192,829.765867,0.002756,0.332746
hallucinations visual,symptom,10,4,6,0.279412,0.30729,518.803318,0.002155,0.201712
verbal auditory hallucinations,symptom,7,4,6,0.232293,0.261373,75.08209,0.001577,0.144135
terrify,symptom,3,4,6,0.228441,0.251119,10.153389,0.000826,0.060891
energy increased,symptom,6,4,6,0.231707,0.259256,45.930874,0.00137,0.131339
mood depressed,symptom,8,4,6,0.281122,0.306171,448.211407,0.001732,0.169774
decompensation,symptom,3,4,6,0.220753,0.242559,16.174406,0.000875,0.045363
cicatrisation,symptom,4,3,6,0.281697,0.298609,186.045865,0.00103,0.078319
scar tissue,symptom,5,2,6,0.286383,0.307864,435.515901,0.001282,0.092347
loose associations,symptom,3,4,6,0.22582,0.249365,13.222057,0.000854,0.060104
paranoia,disease,17,4,5,0.270629,0.307895,1214.374522,0.003645,0.227648
abscess bacterial,symptom,7,1,6,0.283728,0.30732,226.269945,0.001656,0.149053
abdomen acute,symptom,1,2,6,0.232686,0.247913,0,0.00049,0.019194
air fluid level,symptom,1,2,6,0.232686,0.247913,0,0.00049,0.019194
catching breath,symptom,1,2,6,0.232686,0.247913,0,0.00049,0.019194
abdominal tenderness,symptom,8,0,6,0.290919,0.316848,619.199394,0.001922,0.154479
flatulence,symptom,3,2,6,0.269833,0.286751,82.69049,0.000947,0.056694
constipation,symptom,10,2,6,0.298483,0.328917,878.441677,0.002329,0.201341
thicken,symptom,15,2,6,0.296237,0.334543,1045.556685,0.003135,0.327796
gravida 0,symptom,4,2,6,0.263636,0.282638,48.710235,0.001068,0.073602
ileus,disease,15,2,5,0.30308,0.340169,2173.17021,0.003842,0.273768
hematuria,symptom,8,2,5,0.29,0.314035,234.136907,0.001721,0.177173
tumor cell invasion,symptom,10,2,6,0.292463,0.322051,653.360517,0.002173,0.206598
anosmia,symptom,1,2,6,0.245325,0.259347,0,0.000457,0.023437
metastatic lesion,symptom,6,2,6,0.28055,0.300363,116.160539,0.001377,0.132681
food intolerance,symptom,5,2,6,0.270895,0.292922,82.393863,0.001274,0.101081
night sweat,symptom,18,3,4,0.314498,0.354961,1847.780032,0.003596,0.407033
hemianopsia homonymous,symptom,3,2,6,0.260397,0.278645,12.850306,0.00082,0.073564
satiety early,symptom,3,2,6,0.260151,0.278554,22.206067,0.000852,0.063207
neoplasm,disease,16,2,5,0.324882,0.360345,1695.421668,0.003486,0.340169
sedentary,symptom,1,0,6,0.218651,0.233636,0,0.000505,0.010454
angina pectoris,symptom,10,5,6,0.277163,0.303872,334.542608,0.002164,0.169729
unhappy,symptom,3,2,6,0.271429,0.289292,134.202061,0.000888,0.049982
labored breathing,symptom,5,0,6,0.276606,0.3,161.167519,0.001259,0.108748
"hypothermia, natural",symptom,4,1,6,0.269833,0.289141,167.477341,0.001149,0.057098
hematocrit decreased,symptom,3,3,6,0.270629,0.287205,54.233832,0.000871,0.057156
hypoxemia,symptom,4,3,6,0.271964,0.289292,65.764998,0.001051,0.076283
renal angle tenderness,symptom,2,0,6,0.250911,0.267332,33.108667,0.000693,0.024947
feels hot/feverish,symptom,1,0,6,0.218651,0.233636,0,0.000505,0.010454
obesity morbid,disease,13,0,5,0.279695,0.314761,1832.554471,0.003568,0.131995
cushingoid facies,symptom,7,2,6,0.2755,0.297247,199.632681,0.001612,0.116963
cushingoid habitus,symptom,7,2,6,0.2755,0.297247,199.632681,0.001612,0.116963
emphysematous change,symptom,4,2,6,0.275225,0.295644,91.952116,0.001032,0.089686
primary malignant neoplasm,disease,11,2,5,0.309203,0.341289,508.819093,0.002338,0.230303
pansystolic murmur,symptom,1,5,6,0.230351,0.244253,0,0.000464,0.015722
jugular venous distention,symptom,7,3,6,0.278564,0.299395,71.762507,0.001493,0.152017
systolic ejection murmur,symptom,3,0,6,0.257959,0.274229,39.819047,0.000855,0.052007
failure heart,disease,11,5,5,0.299131,0.331912,1043.654086,0.002492,0.223532
mass in breast,symptom,3,2,6,0.257717,0.272172,15.925344,0.000851,0.041264
retropulsion,symptom,2,2,6,0.228631,0.24389,0.083333,0.000659,0.024432
erythema,symptom,8,1,6,0.279695,0.301452,194.210843,0.001817,0.136509
estrogen use,symptom,3,2,6,0.254386,0.270266,32.907415,0.000855,0.036053
burning sensation,symptom,5,2,6,0.277163,0.295917,125.819659,0.001234,0.076541
formication,symptom,4,4,6,0.276884,0.294586,85.065436,0.001009,0.084124
malignant neoplasm of breast,disease,12,2,5,0.295918,0.329613,1004.238794,0.002735,0.162251
phonophobia,symptom,2,0,6,0.232098,0.248306,0.058824,0.000678,0.03036
rolling of eyes,symptom,2,0,6,0.232098,0.248306,0.058824,0.000678,0.03036
moody,symptom,3,0,6,0.245107,0.264126,20.13211,0.000882,0.044154
ambidexterity,symptom,3,0,6,0.256996,0.272111,31.146787,0.000877,0.041234
absences finding,symptom,3,0,6,0.250227,0.267756,25.379095,0.000889,0.042927
tonic-clonic epilepsy,disease,17,0,5,0.301752,0.339232,2024.386511,0.004057,0.197332
facial paresis,symptom,10,0,4,0.294968,0.322595,1403.742464,0.002365,0.158488
neck stiffness,symptom,4,3,6,0.277722,0.295886,157.209874,0.001079,0.064927
extrapyramidal sign,symptom,2,4,6,0.245763,0.267151,74.831933,0.000691,0.039238
Stahli's line,symptom,3,0,6,0.259172,0.277828,83.316815,0.000929,0.038287
vision blurred,symptom,2,0,6,0.255566,0.272021,55.217872,0.000716,0.028686
room spinning,symptom,3,0,6,0.277722,0.295735,172.651144,0.000916,0.051701
rambling speech,symptom,1,0,6,0.230737,0.245463,0,0.000493,0.012874
clumsiness,symptom,1,0,6,0.230737,0.245463,0,0.000493,0.012874
transient ischemic attack,disease,17,0,5,0.299782,0.336086,2705.045053,0.004429,0.160663
dysesthesia,symptom,2,2,6,0.247975,0.264428,0.043478,0.000634,0.050127
polymyalgia,symptom,4,2,6,0.276329,0.297247,101.447432,0.001038,0.096811
passed stones,symptom,2,2,6,0.247975,0.264428,0.043478,0.000634,0.050127
qt interval prolonged,symptom,4,2,6,0.272233,0.292105,240.303466,0.001139,0.0777
paresis,symptom,4,2,6,0.273313,0.294011,141.703775,0.001056,0.088393
hemodynamically stable,symptom,11,0,6,0.296555,0.327253,655.097886,0.002362,0.214802
rhonchus,symptom,8,3,4,0.297838,0.325166,464.712095,0.001773,0.207819
orthostasis,symptom,6,1,6,0.287578,0.310133,223.947827,0.00138,0.123956
malignant neoplasm of prostate,disease,23,2,5,0.329152,0.369994,2261.717559,0.004905,0.353435
yellow sputum,symptom,6,3,6,0.284607,0.306927,272.703183,0.00141,0.138853
embolism pulmonary,disease,16,3,5,0.335976,0.369449,1475.847333,0.003292,0.340158
mediastinal shift,symptom,2,0,6,0.26567,0.278312,4.737483,0.000645,0.046021
impaired cognition,symptom,2,0,6,0.258685,0.274894,58.728707,0.000666,0.038159
tricuspid valve insufficiency,disease,10,0,5,0.327976,0.358167,1144.201879,0.002254,0.31922
sinus rhythm,symptom,6,1,6,0.280836,0.304477,243.687,0.001433,0.12765
general unsteadiness,symptom,2,1,6,0.265159,0.27804,7.555958,0.000655,0.03688
bruit,symptom,1,1,6,0.249096,0.262069,0,0.000463,0.019817
consciousness clear,symptom,7,0,4,0.295284,0.32078,499.754042,0.001599,0.143179
redness,symptom,7,1,6,0.28055,0.302843,161.140031,0.001629,0.133797
respiratory failure,disease,15,1,5,0.331528,0.364549,1850.933599,0.00337,0.282395
polydypsia,symptom,5,0,6,0.273043,0.293466,139.729123,0.00126,0.087505
degenerative polyarthritis,disease,11,0,5,0.309203,0.341289,907.473294,0.002533,0.173098
clonus,symptom,5,1,6,0.277722,0.299032,495.298757,0.001383,0.080117
egophony,symptom,4,3,6,0.2755,0.295796,469.926282,0.001173,0.076772
aphagia,symptom,2,0,6,0.228252,0.246461,29.192722,0.000803,0.019116
paralyse,symptom,2,0,6,0.228252,0.246461,29.192722,0.000803,0.019116
low back pain,symptom,1,0,6,0.197491,0.20853,0,0.000572,0.004215
charleyhorse,symptom,1,0,6,0.197491,0.20853,0,0.000572,0.004215
aphasia,disease,8,0,5,0.245982,0.269843,1325.124609,0.002825,0.039121
pain neck,symptom,1,2,6,0.22731,0.241168,0,0.000482,0.013641
lung nodule,symptom,5,2,6,0.277442,0.295523,101.329771,0.001225,0.104016
atypia,symptom,2,1,6,0.257236,0.270417,8.975939,0.000674,0.030705
neoplasm metastasis,disease,10,2,5,0.294023,0.326225,983.137398,0.002472,0.192326
urinary hesitation,symptom,4,0,6,0.264142,0.282577,99.610457,0.001101,0.068431
dizzy spells,symptom,2,0,6,0.237295,0.252904,0.066667,0.000662,0.036286
shooting pain,symptom,2,0,6,0.237295,0.252904,0.066667,0.000662,0.036286
hyperemesis,symptom,2,0,6,0.237295,0.252904,0.066667,0.000662,0.036286
malignant tumor of colon,disease,15,0,5,0.310598,0.346552,1527.800417,0.003442,0.254832
welt,symptom,1,2,6,0.23308,0.247731,0,0.000504,0.013619
transaminitis,symptom,8,1,6,0.28818,0.315396,383.754258,0.001835,0.154209
tinnitus,symptom,1,2,6,0.23308,0.247731,0,0.000504,0.013619
hydropneumothorax,symptom,2,2,6,0.252752,0.267846,16.869266,0.000744,0.023226
superimposition,symptom,2,2,6,0.252752,0.267846,16.869266,0.000744,0.023226
haemoptysis,symptom,6,3,6,0.278002,0.298941,194.685304,0.001428,0.124871
difficulty passing urine,symptom,3,0,6,0.263133,0.280399,46.928745,0.000908,0.044446
lymphoma,disease,14,2,5,0.303749,0.339262,2432.826161,0.003824,0.182029
monoclonal,symptom,3,1,6,0.272233,0.290714,36.950148,0.000843,0.070043
ecchymosis,symptom,5,1,6,0.282564,0.301543,134.8862,0.001276,0.09824
pallor,symptom,2,1,6,0.268519,0.283696,15.118183,0.000663,0.046531
pain back,symptom,2,1,6,0.263889,0.278524,7.737906,0.000662,0.044517
arthralgia,symptom,3,1,6,0.276606,0.294313,90.794836,0.00088,0.062581
anemia,disease,20,1,5,0.346541,0.3817,2586.647913,0.004326,0.374846
sputum purulent,symptom,3,3,6,0.257959,0.272686,9.295537,0.000829,0.052337
hypercapnia,symptom,3,3,6,0.260643,0.278826,48.221869,0.000916,0.040494
patient non compliance,symptom,15,3,6,0.299457,0.335481,1940.693055,0.00303,0.296776
chronic obstructive airway disease,disease,10,3,5,0.305094,0.337629,676.091495,0.002199,0.217553
breakthrough pain,symptom,1,1,6,0.243805,0.256776,0,0.000478,0.018508
hepatosplenomegaly,symptom,3,1,6,0.263889,0.28049,14.446937,0.000835,0.06715
sickle cell anemia,disease,11,1,5,0.322222,0.353811,1393.052894,0.002673,0.271025
coronary arteriosclerosis,disease,10,5,5,0.286383,0.318482,201.063309,0.002013,0.218123
moan,symptom,3,0,6,0.26567,0.284846,145.532423,0.001004,0.041668
Murphy's sign,symptom,1,2,6,0.239774,0.254658,0,0.000513,0.018557
colic abdominal,symptom,3,1,6,0.257477,0.277344,91.245222,0.000944,0.05243
cardiovascular finding,symptom,3,2,6,0.266957,0.283696,64.702783,0.000943,0.044275
cardiovascular event,symptom,3,2,6,0.266957,0.283696,64.702783,0.000943,0.044275
groggy,symptom,2,0,6,0.271696,0.28542,85.73875,0.000737,0.035731
gasping for breath,symptom,1,2,6,0.239774,0.254658,0,0.000513,0.018557
feces in rectum,symptom,1,2,6,0.239774,0.254658,0,0.000513,0.018557
cholecystitis,disease,18,2,5,0.315217,0.352813,3675.965693,0.005113,0.255392
catatonia,symptom,5,4,6,0.286681,0.308409,409.090269,0.001229,0.124475
weepiness,symptom,8,4,6,0.27998,0.305566,196.87534,0.001711,0.197347
withdraw,symptom,4,4,6,0.27998,0.298064,44.003067,0.00097,0.097544
behavior hyperactive,symptom,2,4,6,0.226749,0.248215,2.675542,0.000639,0.053514
psychotic disorder,disease,25,4,5,0.283145,0.329068,1702.428113,0.004969,0.379959
hypertonicity,symptom,1,1,6,0.241032,0.254174,0,0.000479,0.014435
hypoalbuminemia,symptom,2,0,6,0.262631,0.276679,13.586346,0.000686,0.034957
pruritus,symptom,10,1,4,0.29371,0.32078,610.446696,0.002204,0.169251
stool color yellow,symptom,3,1,6,0.258685,0.274652,50.977734,0.000924,0.038632
thrombus,disease,11,1,5,0.317396,0.349183,1444.194786,0.002684,0.202038
oliguria,symptom,6,3,6,0.28141,0.300998,133.751709,0.001394,0.121533
chronic kidney failure,disease,22,3,5,0.360602,0.392408,2752.980211,0.004209,0.573327
unable to concentrate,symptom,3,4,6,0.253217,0.272051,9.513097,0.000784,0.078205
depressive disorder,disease,21,4,5,0.275225,0.316939,731.782547,0.004082,0.347753
st segment elevation,symptom,1,5,6,0.233277,0.249486,0,0.000451,0.024205
presence of q wave,symptom,3,5,6,0.260643,0.278917,24.094406,0.00083,0.062859
palpitation,symptom,10,5,6,0.289391,0.316576,402.511017,0.002019,0.223983
myocardial infarction,disease,19,5,5,0.304084,0.344555,1664.310672,0.003996,0.347868
r wave feature,symptom,1,1,6,0.241879,0.255475,0,0.000497,0.016054
has religious belief,symptom,4,4,6,0.283145,0.303962,439.830979,0.001094,0.088712
overweight,symptom,1,1,6,0.241879,0.255475,0,0.000497,0.016054
systolic murmur,symptom,3,1,6,0.256518,0.272232,43.331585,0.000998,0.037289
obesity,disease,13,1,5,0.318866,0.352299,2276.053404,0.00344,0.225391
infection urinary tract,disease,12,0,5,0.308511,0.341773,973.264057,0.002645,0.201721
left atrial hypertrophy,symptom,4,5,6,0.267216,0.285239,43.679729,0.001025,0.070803
alcohol binge episode,symptom,1,5,6,0.236887,0.250938,0,0.000475,0.015884
tachycardia sinus,disease,13,5,5,0.310248,0.344374,1576.599598,0.003114,0.222487
hot flush,symptom,2,4,6,0.256518,0.273624,11.860366,0.000626,0.044152
gout,disease,10,1,5,0.301093,0.333666,582.04372,0.002198,0.186448
feeling strange,symptom,2,2,6,0.252289,0.268088,17.244164,0.00069,0.027433
pustule,symptom,2,0,6,0.26089,0.275681,20.566139,0.000674,0.032143
hyperglycemia,disease,12,2,5,0.305771,0.338355,1284.109222,0.002763,0.152158
fecaluria,symptom,1,1,6,0.248422,0.261071,0,0.000485,0.018227
projectile vomiting,symptom,3,0,6,0.264142,0.280097,71.591589,0.000921,0.044726
pneumatouria,symptom,1,1,6,0.248422,0.261071,0,0.000485,0.018227
cystic lesion,symptom,2,1,6,0.272233,0.288415,57.244662,0.000693,0.049508
diverticulosis,disease,15,1,5,0.330336,0.362553,2725.439996,0.003762,0.256671
slowing of urinary stream,symptom,2,0,6,0.256279,0.271022,22.458042,0.000713,0.025787
enuresis,symptom,4,0,6,0.273313,0.292801,101.634168,0.001033,0.063042
no status change,symptom,1,0,6,0.239983,0.253569,0,0.000473,0.01618
bedridden,symptom,4,0,6,0.276606,0.293527,101.051264,0.001063,0.067489
failure kidney,disease,13,0,5,0.315578,0.348851,1703.669305,0.00308,0.225878
hypersomnolence,symptom,1,4,6,0.205291,0.218905,0,0.000479,0.012796
underweight,symptom,1,4,6,0.205291,0.218905,0,0.000479,0.012796
schizophrenia,disease,11,4,5,0.258201,0.288959,1258.487745,0.002677,0.174353
frail,symptom,3,0,6,0.271696,0.28899,73.918174,0.000989,0.053257
decubitus ulcer,disease,3,0,5,0.262882,0.286449,119.101518,0.001006,0.061865
posturing,symptom,2,2,6,0.257477,0.272928,20.039089,0.00071,0.034936
tonic seizures,symptom,1,0,6,0.229967,0.244495,0,0.000483,0.012567
encephalopathy,disease,14,0,5,0.298483,0.333485,1758.533448,0.003486,0.163107
affect labile,disease,8,0,5,0.268257,0.29637,265.942931,0.001835,0.09853
carcinoma prostate,disease,23,2,5,0.329152,0.369994,2261.717559,0.004905,0.353435
drool,symptom,1,0,6,0.242091,0.256564,0,0.000496,0.017174
pin-point pupils,symptom,1,0,6,0.242091,0.256564,0,0.000496,0.017174
tremor resting,symptom,1,0,6,0.242091,0.256564,0,0.000496,0.017174
Alzheimer's disease,disease,17,0,5,0.319235,0.355777,3328.131462,0.004476,0.233993
paraparesis,symptom,3,0,6,0.267996,0.283606,49.661946,0.000863,0.046029
fear of falling,symptom,1,0,6,0.226562,0.241712,0,0.000476,0.013794
incontinence,disease,15,0,5,0.292774,0.32925,1805.622991,0.003601,0.180129
para 1,symptom,2,2,6,0.263636,0.275862,12.064078,0.000683,0.02776
hyperbilirubinemia,disease,9,3,5,0.278846,0.309952,418.750446,0.002077,0.114503
paroxysmal dyspnea,disease,12,5,5,0.302415,0.337205,454.848166,0.002348,0.299304
disturbed family,symptom,2,4,6,0.221285,0.243164,5.423442,0.000672,0.043246
hypersomnia,symptom,2,4,6,0.219697,0.240714,6.963932,0.000688,0.037985
hyperhidrosis disorder,symptom,1,4,6,0.218824,0.237689,0,0.00047,0.026364
mydriasis,symptom,1,4,6,0.218824,0.237689,0,0.00047,0.026364
exhaustion,symptom,1,4,6,0.218824,0.237689,0,0.00047,0.026364
bipolar disorder,disease,28,4,5,0.27998,0.32804,3942.689223,0.006514,0.360518
hepatitis,disease,12,3,5,0.313781,0.346249,743.401464,0.002493,0.27458
pericardial friction rub,symptom,2,1,6,0.250911,0.263975,0.083333,0.000641,0.03714
cardiomegaly,symptom,4,1,6,0.266699,0.282819,23.042773,0.001013,0.077807
pericardial effusion body substance,disease,12,1,5,0.334345,0.36461,1276.255501,0.002608,0.268467
large-for-dates fetus,symptom,1,2,6,0.254386,0.266122,0,0.000487,0.018942
immobile,symptom,1,2,6,0.254386,0.266122,0,0.000487,0.018942
adhesion,disease,13,2,5,0.340965,0.370932,2728.537513,0.003294,0.273362
biliary calculus,disease,12,2,5,0.314498,0.348004,521.862363,0.002403,0.340614
flare,symptom,1,3,6,0.251598,0.264398,0,0.000454,0.02417
pulsus paradoxus,symptom,2,2,6,0.264142,0.280097,5.999701,0.000638,0.053113
endocarditis,disease,16,3,5,0.335976,0.369026,1753.660678,0.003426,0.354913
acquired immuno-deficiency syndrome,disease,14,3,5,0.326036,0.358711,976.925727,0.002798,0.364024
soft tissue swelling,symptom,1,2,6,0.22619,0.239595,0,0.000498,0.009834
pneumothorax,disease,9,2,5,0.292153,0.322958,1177.689911,0.002392,0.130262
accident cerebrovascular,disease,8,0,5,0.283436,0.313279,249.891741,0.001837,0.125824
confusion,disease,20,0,5,0.312713,0.351785,1875.817215,0.00413,0.288639
poor dentition,symptom,3,1,6,0.243805,0.263007,11.176181,0.000862,0.055062
adverse reaction,symptom,2,1,6,0.237091,0.252874,0.0625,0.000656,0.036859
adverse effect,symptom,2,1,6,0.237091,0.252874,0.0625,0.000656,0.036859
abdominal bloating,symptom,2,1,6,0.237091,0.252874,0.0625,0.000656,0.036859
candidiasis,disease,16,1,5,0.310248,0.346854,1593.592599,0.003616,0.258188
nervousness,symptom,4,4,6,0.275776,0.295463,212.498884,0.001046,0.079961
anxiety state,disease,24,4,5,0.329152,0.371174,3260.179148,0.004733,0.443148
splenomegaly,symptom,5,2,6,0.27495,0.295433,88.272864,0.001228,0.088515
bleeding of vagina,symptom,2,2,6,0.253683,0.267937,6.164833,0.000664,0.025768
cirrhosis,disease,12,2,5,0.301422,0.335632,754.267214,0.00259,0.190464
hypoproteinemia,symptom,1,2,6,0.209188,0.221597,0,0.000514,0.005761
pancytopenia,disease,8,2,5,0.264395,0.291682,837.701693,0.002277,0.06517
oral candidiasis,disease,16,1,5,0.310248,0.346854,1593.592599,0.003616,0.258188
dullness,symptom,2,1,6,0.261385,0.27922,8.097091,0.000645,0.057054
red blotches,symptom,1,1,6,0.247529,0.26216,0,0.00046,0.028111
diverticulitis,disease,20,1,5,0.328759,0.366848,2496.225683,0.00443,0.411523
no known drug allergies,symptom,1,3,6,0.257477,0.26957,0,0.000455,0.027295
fremitus,symptom,4,0,6,0.277442,0.296824,176.540462,0.001078,0.083472
spasm bronchial,disease,17,3,5,0.346541,0.378584,2188.525415,0.003669,0.404891
hunger,symptom,2,0,6,0.259172,0.274894,12.113154,0.000671,0.033363
ulcer peptic,disease,12,0,5,0.308166,0.341319,1088.372382,0.002756,0.217255
depression mental,disease,21,4,5,0.275225,0.316939,731.782547,0.004082,0.347753
behavior showing increased motor activity,symptom,1,1,6,0.239357,0.255172,0,0.000503,0.015462
coordination abnormal,symptom,1,1,6,0.239357,0.255172,0,0.000503,0.015462
clammy skin,symptom,2,1,6,0.254151,0.271295,77.893288,0.000766,0.024477
cachexia,symptom,4,1,6,0.278002,0.298457,125.374564,0.001086,0.067109
flushing,symptom,2,0,6,0.267996,0.283454,52.59449,0.00071,0.035984
choke,symptom,1,1,6,0.239357,0.255172,0,0.000503,0.015462
tenesmus,symptom,3,2,6,0.270895,0.287356,99.321812,0.000932,0.047142
emphysema pulmonary,disease,21,1,5,0.314498,0.355021,3951.591322,0.005719,0.196569
incoherent,symptom,1,1,6,0.2204,0.234453,0,0.000534,0.009015
lameness,symptom,1,1,6,0.2204,0.234453,0,0.000534,0.009015
claudication,symptom,1,1,6,0.2204,0.234453,0,0.000534,0.009015
hypoglycemia,disease,11,1,5,0.282564,0.315033,2128.132514,0.003397,0.112238
stuffy nose,symptom,2,3,6,0.271161,0.287114,48.295448,0.000665,0.045912
heavy legs,symptom,2,3,6,0.249773,0.264943,18.357814,0.000663,0.025144
dependence,disease,13,4,5,0.292463,0.327072,1175.079561,0.002838,0.19927
prostate tender,symptom,1,1,6,0.237295,0.251119,0,0.000488,0.016334
pain foot,symptom,1,1,6,0.237295,0.251119,0,0.000488,0.016334
osteomyelitis,disease,12,1,5,0.310948,0.344313,1716.319766,0.003051,0.233173
bowel sounds decreased,symptom,1,1,6,0.250455,0.263551,0,0.000476,0.01796
decreased stool caliber,symptom,2,2,6,0.260397,0.275106,13.296859,0.000685,0.034807
nausea and vomiting,symptom,4,2,6,0.2755,0.294616,178.389443,0.001094,0.067554
hemorrhoids,disease,16,1,5,0.333939,0.367604,2495.032935,0.003843,0.249558
indifferent mood,symptom,3,0,6,0.275776,0.295281,58.160846,0.000878,0.075168
hepatomegaly,symptom,2,3,6,0.266957,0.281004,5.654959,0.000646,0.047793
stupor,symptom,3,0,6,0.273857,0.291168,80.990963,0.000875,0.063011
primary carcinoma of the liver cells,disease,18,2,5,0.347854,0.380067,2713.206469,0.004045,0.333446
pyelonephritis,disease,10,3,5,0.32147,0.351512,490.170402,0.002063,0.33484
rigor - temperature-associated observation,symptom,1,1,6,0.234269,0.247762,0,0.000475,0.018435
pancreatitis,disease,9,1,5,0.305771,0.337356,913.634567,0.002149,0.274486
cholelithiasis,disease,12,2,5,0.314498,0.348004,521.862363,0.002403,0.340614
cardiomyopathy,disease,15,5,5,0.317762,0.353085,945.148481,0.002965,0.320272
hacking cough,symptom,2,3,6,0.258929,0.27559,10.879307,0.000659,0.044321
dyspareunia,symptom,1,3,6,0.235672,0.25127,0,0.000478,0.018204
hypokalemia,symptom,2,1,6,0.261385,0.27677,17.57421,0.000656,0.035123
floppy,symptom,1,3,6,0.235672,0.25127,0,0.000478,0.018204
Pneumocystis carinii pneumonia,disease,18,3,5,0.308166,0.347126,2492.178495,0.004356,0.250348
carcinoma colon,disease,15,0,5,0.310598,0.346552,1527.800417,0.003442,0.254832
Heberden's node,symptom,1,1,6,0.239565,0.254658,0,0.000446,0.024303
edema pulmonary,disease,17,1,5,0.314857,0.352662,1504.642286,0.003482,0.354386
carcinoma breast,disease,12,2,5,0.295918,0.329613,1004.238794,0.002735,0.162251
focal seizures,symptom,1,0,6,0.225635,0.241984,0,0.000502,0.014901
abnormal sensation,symptom,1,0,6,0.225635,0.241984,0,0.000502,0.014901
stinging sensation,symptom,1,0,6,0.225635,0.241984,0,0.000502,0.014901
hemiparesis,disease,19,0,5,0.291226,0.331488,3521.646481,0.005152,0.18851
asymptomatic,symptom,2,5,6,0.257236,0.272535,2.76801,0.00062,0.043248
mitral valve insufficiency,disease,14,5,5,0.329545,0.361948,1302.747653,0.002904,0.327667
rest pain,symptom,1,1,6,0.241879,0.254779,0,0.000466,0.015984
peripheral vascular disease,disease,11,1,5,0.318866,0.350151,1149.204462,0.002512,0.227207
tonic-clonic seizures,disease,17,0,5,0.301752,0.339232,2024.386511,0.004057,0.197332
effusion pericardial,disease,12,1,5,0.334345,0.36461,1276.255501,0.002608,0.268467
monocytosis,symptom,1,1,6,0.228441,0.241954,0,0.000501,0.011548
posterior rhinorrhea,symptom,1,1,6,0.228441,0.241954,0,0.000501,0.011548
thrombocytopaenia,disease,9,1,5,0.295918,0.327132,1302.140331,0.002422,0.159645
hematochezia,symptom,1,2,6,0.241243,0.254204,0,0.000481,0.016848
adenocarcinoma,disease,13,2,5,0.317762,0.349667,1715.914149,0.003196,0.237317
failure heart congestive,disease,7,3,5,0.293397,0.323896,139.913213,0.001464,0.216279
macule,symptom,1,1,6,0.247307,0.260315,0,0.000464,0.02111
scratch marks,symptom,3,1,6,0.267476,0.284634,61.295887,0.000845,0.059517
exanthema,disease,15,1,5,0.328367,0.361343,1805.782447,0.003392,0.304766
ischemia,disease,15,5,5,0.310948,0.346794,1033.292265,0.003031,0.299956
hypertension pulmonary,disease,9,3,5,0.29,0.321476,785.014175,0.002172,0.142003
decreased translucency,symptom,8,3,6,0.29371,0.320085,272.9753,0.001743,0.203316
infection,disease,12,1,5,0.323737,0.355959,698.369508,0.002465,0.3369
hypesthesia,symptom,1,1,6,0.244671,0.258469,0,0.000464,0.020493
hyperacusis,symptom,2,1,6,0.259906,0.27444,4.5812,0.000647,0.044921
cellulitis,disease,14,1,5,0.323737,0.358106,1561.180359,0.00316,0.297449
lymphatic diseases,disease,16,3,5,0.333132,0.366485,1700.611567,0.003451,0.357745
breath-holding spell,symptom,1,2,6,0.240192,0.253116,0,0.000492,0.016767
retch,symptom,1,2,6,0.240192,0.253116,0,0.000492,0.016767
gastroenteritis,disease,11,2,5,0.31594,0.347157,1636.262317,0.002844,0.241105
parkinson disease,disease,18,4,5,0.326809,0.363067,1979.829674,0.003652,0.306823
hyperventilation,symptom,1,2,6,0.244454,0.258379,0,0.000498,0.022369
excruciating pain,symptom,1,2,6,0.244454,0.258379,0,0.000498,0.022369
gag,symptom,1,2,6,0.244454,0.258379,0,0.000498,0.022369
pulse absent,symptom,1,2,6,0.244454,0.258379,0,0.000498,0.022369
hernia,disease,16,2,5,0.323357,0.35853,3103.074715,0.004265,0.323036
kidney disease,disease,6,2,5,0.301752,0.33176,477.944651,0.00147,0.171838
awakening early,symptom,2,2,6,0.252521,0.266606,6.494382,0.000701,0.03168
colitis,disease,13,2,5,0.325266,0.356624,1420.471024,0.002888,0.326148
pain in lower limb,symptom,1,1,6,0.242304,0.255747,0,0.000467,0.018296
deep vein thrombosis,disease,12,1,5,0.319606,0.35245,1325.189836,0.00275,0.26515
transsexual,symptom,1,4,6,0.22093,0.237235,0,0.000461,0.017914
personality disorder,disease,19,4,5,0.283436,0.323291,1998.374811,0.004225,0.240683
photopsia,symptom,1,5,6,0.228441,0.243164,0,0.000465,0.015732
giddy mood,symptom,2,5,6,0.241879,0.261525,72.646929,0.000668,0.032615
hyperlipidemia,disease,13,5,5,0.295918,0.331004,1341.283438,0.002958,0.219905
pneumonia,disease,19,3,5,0.322222,0.361343,1280.177582,0.003745,0.4407
throbbing sensation quality,symptom,1,5,6,0.242304,0.25729,0,0.000458,0.022922
gastroesophageal reflux disease,disease,18,5,5,0.319606,0.357623,2164.967093,0.003937,0.328028
pneumonia aspiration,disease,16,0,5,0.347415,0.3781,2100.621315,0.003407,0.362051
sciatica,symptom,1,5,6,0.240611,0.254053,0,0.000488,0.016433
frothy sputum,symptom,1,5,6,0.240611,0.254053,0,0.000488,0.016433
stenosis aortic valve,disease,11,5,5,0.316667,0.349123,1654.095647,0.002797,0.235565
hypertensive disease,disease,13,5,5,0.317031,0.350242,713.61609,0.002578,0.287664
glaucoma,disease,10,2,5,0.292463,0.323533,528.408749,0.002168,0.149965
septicemia,disease,14,3,5,0.327976,0.361192,829.765867,0.002756,0.332746
bronchitis,disease,17,3,5,0.326809,0.36337,1842.854255,0.003633,0.385102
homicidal thoughts,symptom,1,4,6,0.207611,0.223593,0,0.000474,0.016882
verbally abusive behavior,symptom,3,4,6,0.257717,0.275923,62.316499,0.000867,0.04818
delusion,disease,19,4,5,0.261882,0.300333,1805.734407,0.004521,0.224195
barking cough,symptom,1,3,6,0.252752,0.269147,0,0.00048,0.031281
rapid shallow breathing,symptom,1,3,6,0.252752,0.269147,0,0.00048,0.031281
noisy respiration,symptom,1,3,6,0.252752,0.269147,0,0.00048,0.031281
nasal discharge present,symptom,1,3,6,0.252752,0.269147,0,0.00048,0.031281
upper respiratory infection,disease,28,3,5,0.338037,0.382698,5309.456748,0.006846,0.448079
dementia,disease,17,0,5,0.358724,0.387024,2275.610752,0.003418,0.385414
milky,symptom,1,0,6,0.233277,0.247731,0,0.000494,0.015812
regurgitates after swallowing,symptom,1,0,6,0.233277,0.247731,0,0.000494,0.015812
ketoacidosis diabetic,disease,15,0,5,0.304084,0.339413,2519.452803,0.003922,0.216388
blanch,symptom,1,4,6,0.200073,0.2134,0,0.00049,0.011622
elation,symptom,1,4,6,0.200073,0.2134,0,0.00049,0.011622
manic disorder,disease,13,4,5,0.25,0.28052,1503.335838,0.003337,0.150453
todd paralysis,symptom,1,4,6,0.248198,0.263521,0,0.000453,0.02886
alcoholic withdrawal symptoms,symptom,1,4,6,0.248198,0.263521,0,0.000453,0.02886
suicide attempt,disease,23,4,5,0.32994,0.370478,3996.844677,0.004916,0.413482
hiv infections,disease,14,3,5,0.326036,0.358711,976.925727,0.002798,0.364024
benign prostatic hypertrophy,disease,9,1,5,0.293397,0.324985,432.457544,0.001962,0.135373
HIV,disease,14,3,5,0.326036,0.358711,976.925727,0.002798,0.364024
urinoma,symptom,1,0,6,0.246202,0.25977,0,0.000479,0.020522
bacteremia,disease,16,0,5,0.326422,0.360889,2437.752938,0.003891,0.294327
hypocalcemia result,symptom,2,1,6,0.25345,0.268542,6.52146,0.00066,0.030188
rhd positive,symptom,1,3,6,0.231318,0.246068,0,0.00047,0.015923
neutropenia,disease,13,3,5,0.300764,0.336116,1301.74694,0.003033,0.224431
inappropriate affect,symptom,1,0,6,0.217959,0.231549,0,0.000531,0.007649
poor feeding,symptom,1,0,6,0.217959,0.231549,0,0.000531,0.007649
hepatitis B,disease,9,0,5,0.278564,0.309286,1462.605045,0.002743,0.094993
ache,symptom,3,3,6,0.264649,0.279099,26.422368,0.000837,0.058511
macerated skin,symptom,1,3,6,0.229011,0.243285,0,0.000488,0.012812
heavy feeling,symptom,1,3,6,0.229011,0.243285,0,0.000488,0.012812
hepatitis C,disease,11,3,5,0.296875,0.33043,1671.632937,0.002799,0.176035
coronary heart disease,disease,10,5,5,0.286383,0.318482,201.063309,0.002013,0.218123
carcinoma of lung,disease,15,3,5,0.340544,0.37199,1530.329589,0.003074,0.333619
arthritis,disease,10,1,5,0.328367,0.357774,1119.597538,0.002254,0.247895
malignant neoplasm of lung,disease,15,3,5,0.340544,0.37199,1530.329589,0.003074,0.333619
carcinoma,disease,19,2,5,0.325266,0.362855,1893.273154,0.003989,0.371414
delirium,disease,13,4,5,0.326036,0.356685,1625.016495,0.002667,0.283863
melanoma,disease,9,1,5,0.318866,0.348427,796.379309,0.002027,0.247534
kidney failure acute,disease,10,1,5,0.312358,0.342922,762.499125,0.002237,0.201332
diabetes,disease,15,0,5,0.333535,0.365971,1263.675557,0.002996,0.367822
systemic infection,disease,14,3,5,0.327976,0.361192,829.765867,0.002756,0.332746
gravida 10,symptom,1,2,6,0.252752,0.266969,0,0.000456,0.028943
malignant neoplasms,disease,22,2,5,0.338037,0.376044,2943.033163,0.004774,0.419206
neuropathy,disease,10,2,5,0.295918,0.327677,1297.790286,0.002822,0.124302
overload fluid,disease,12,1,5,0.312005,0.345251,816.944968,0.002521,0.241947
migraine disorders,disease,7,0,5,0.301752,0.329976,448.391917,0.001644,0.153385
